Symbol,Name,URL
CHTR,"Charter Communications, Inc.",/wiki/Charter_Communications
U,Unity Software Inc.,/wiki/Unity_Technologies
GTLB,GitLab Inc.,/wiki/GitLab
KKR,KKR,/wiki/Kohlberg_Kravis_Roberts
DHI,D. R. Horton,/wiki/D._R._Horton
HOPE,"Hope Bancorp, Inc.",
GCO,Genesco Inc.,/wiki/Genesco
ENR,"Energizer Holdings, Inc.",/wiki/Energizer
TMUS,"T-Mobile US, Inc.",/wiki/T-Mobile_US
EGHT,"8x8, Inc.",/wiki/8x8
JNJ,Johnson & Johnson,/wiki/Johnson_%26_Johnson
OXY,Occidental Petroleum Corporation,/wiki/Occidental_Petroleum
VALU,"Value Line, Inc.",/wiki/Value_Line
EMF,"Templeton Emerging Markets Fund, Inc.",
BBW,"Build-A-Bear Workshop, Inc.",
CIEN,Ciena,/wiki/Ciena
RXT,"Rackspace Technology, Inc.",/wiki/Rackspace_Technology
TSCO,Tractor Supply Company,/wiki/Tractor_Supply_Company
MU,"Micron Technology, Inc.",/wiki/Micron_Technology
FSR,Fisker Inc.,
CCBG,"Capital City Bank Group, Inc.",
PLUG,Plug Power Inc.,/wiki/Plug_Power
RUN,Sunrun Inc.,/wiki/Sunrun
FDBC,"Fidelity D & D Bancorp, Inc.",
TTGT,"TechTarget, Inc.",/wiki/TechTarget
BIG,"Big Lots, Inc.",
MORN,"Morningstar, Inc.","/wiki/Morningstar,_Inc."
BXP,"Boston Properties, Inc.",
CMCT,Creative Media & Community Trust Corporation,
TU,Telus Corporation,/wiki/Telus_Corporation
VNO,Vornado Realty Trust,/wiki/Vornado_Realty_Trust
NUS,"Nu Skin Enterprises, Inc.",
PEG,Public Service Enterprise Group Inc.,/wiki/Public_Service_Enterprise_Group
TNC,Tennant Company,/wiki/Tennant_Company
TLF,"Tandy Leather Factory, Inc.",
OLO,Olo Inc.,
ME,23andMe Holding Co.,/wiki/23andMe
VSH,"Vishay Intertechnology, Inc.",/wiki/Vishay_Intertechnology
DDD,3D Systems Corporation,/wiki/3D_Systems
EWBC,"East West Bancorp, Inc.",/wiki/East_West_Bancorp
WFC,Wells Fargo & Company,/wiki/Wells_Fargo
EB,"Eventbrite, Inc.",
APEI,"American Public Education, Inc.",
UAL,"United Airlines Holdings, Inc.",/wiki/United_Airlines_Holdings
SABR,Sabre Corporation,/wiki/Sabre_Corporation
VRNT,Verint Systems Inc.,/wiki/Verint_Systems
DDOG,"Datadog, Inc.",/wiki/Datadog
RDBX,Redbox Entertainment Inc.,/wiki/Redbox
YETI,"Yeti Holdings, Inc.",/wiki/Yeti_Holdings
HWC,Hancock Whitney Corporation,/wiki/Hancock_Whitney
GME,GameStop Corp.,/wiki/GameStop
CHD,Church & Dwight,/wiki/Church_%26_Dwight
CNXC,Concentrix Corporation,/wiki/Concentrix
FORR,"Forrester Research, Inc.",
HCKT,"The Hackett Group, Inc.",
GPS,"The Gap, Inc.",/wiki/Gap_Inc.
BYD,Boyd Gaming Corporation,
CACI,CACI,/wiki/CACI
CNP,CenterPoint Energy,/wiki/CenterPoint_Energy
ENPH,"Enphase Energy, Inc.",/wiki/Enphase_Energy
WTW,Willis Towers Watson Public Limited Company,/wiki/Willis_Towers_Watson
WHLM,"Wilhelmina International, Inc.",
CAL,"Caleres, Inc.",
FOXA,Fox Corporation,/wiki/Fox_Corporation
LAZR,"Luminar Technologies, Inc.",/wiki/Luminar_Technologies
PWP,Perella Weinberg Partners,/wiki/Perella_Weinberg_Partners
GOEV,Canoo Inc.,/wiki/Canoo
MCN,Madison Covered Call & Equity Strategy Fund,
ESAB,ESAB Corporation,
ZG,"Zillow Group, Inc.",/wiki/Zillow
VRM,"Vroom, Inc.",
CEG,Constellation Energy Corporation,/wiki/Constellation_Energy
ABT,Abbott Laboratories,/wiki/Abbott_Laboratories
BCSF,"Bain Capital Specialty Finance, Inc.",
RACY,Relativity Acquisition Corp.,
DKNG,DraftKings Inc.,/wiki/DraftKings
TEN,Tenneco Inc.,
AXDX,"Accelerate Diagnostics, Inc.",
SHOP,Shopify Inc.,
OTIS,Otis Worldwide Corporation,
SYNA,Synaptics Incorporated,/wiki/Synaptics
MTSI,"MACOM Technology Solutions Holdings, Inc.",/wiki/MACOM_Technology_Solutions
KLAC,KLA Corporation,/wiki/KLA_Corporation
UONE,"Urban One, Inc.",/wiki/Urban_One
TTEC,"TTEC Holdings, Inc.",/wiki/TTEC
BMRN,BioMarin Pharmaceutical Inc.,/wiki/BioMarin_Pharmaceutical
AGR,Avangrid Inc.,/wiki/Avangrid
AX,"Axos Financial, Inc.",
GOOGL,Alphabet Inc.,/wiki/Alphabet_Inc.
BELFA,Bel Fuse Inc.,
MEDP,"Medpace Holdings, Inc.",/wiki/Medpace
COIN,"Coinbase Global, Inc.",/wiki/Coinbase
PNC,"The PNC Financial Services Group, Inc.",/wiki/PNC_Financial_Services
BRO,"Brown & Brown, Inc.",
XRX,Xerox Holdings Corporation,/wiki/Xerox
LYB,LyondellBasell,/wiki/LyondellBasell
META,"Meta Platforms, Inc.",/wiki/Meta_Platforms
KRNL,"Kernel Group Holdings, Inc.",
EQR,Equity Residential,/wiki/Equity_Residential
HSY,The Hershey Company,/wiki/The_Hershey_Company
AGCO,Agco Corporation,/wiki/AGCO
CRUS,"Cirrus Logic, Inc.",/wiki/Cirrus_Logic
QRTEA,"Qurate Retail, Inc.",
ICUI,"ICU Medical, Inc.",/wiki/ICU_Medical
UMBF,UMB Financial Corporation,/wiki/UMB_Financial_Corporation
NRDS,"NerdWallet, Inc.",/wiki/NerdWallet
RIG,Transocean Ltd.,/wiki/Transocean
BKH,Black Hills Corporation,
BALL,Ball Corporation,
TPC,Tutor Perini Corporation,/wiki/Tutor_Perini
BKR,Baker Hughes Company,/wiki/Baker_Hughes
NVDA,NVIDIA Corporation,/wiki/Nvidia
LOOP,"Loop Industries, Inc.",
XPER,Xperi Inc.,/wiki/Xperi
DVN,Devon Energy,/wiki/Devon_Energy
ES,Eversource Energy,
VC,Visteon Corporation,/wiki/Visteon
THS,"TreeHouse Foods, Inc.",/wiki/TreeHouse_Foods
ARES,"Ares Management, L.P.",/wiki/Ares_Management
EXPE,"Expedia Group, Inc.",/wiki/Expedia_Group
WWE,"World Wrestling Entertainment, Inc.",/wiki/WWE
LOT,Lotus Technology Inc. American Depositary Shares,
PRMW,Primo Water Corporation,
MRVL,"Marvell Technology, Inc.",/wiki/Marvell_Technology
PG,Procter & Gamble Co.,/wiki/Procter_%26_Gamble
DELL,Dell Technologies Inc.,
SSYS,Stratasys Ltd.,/wiki/Stratasys
GHAC,Gaming & Hospitality Acquisition Corp.,
KODK,Eastman Kodak Company,/wiki/Eastman_Kodak
MTRX,Matrix Service Company,
ATR,AptarGroup Inc.,/wiki/AptarGroup
PMT,PennyMac Mortgage Investment Trust,
NRG,"NRG Energy, Inc.",
TWKS,"Thoughtworks Holding, Inc.",/wiki/Thoughtworks
NOW,"ServiceNow, Inc.",/wiki/ServiceNow
SCKT,"Socket Mobile, Inc.",
CDW,CDW Corporation,/wiki/CDW
LNW,"Light & Wonder, Inc.",/wiki/Light_%26_Wonder
QGEN,Qiagen N.V.,/wiki/Qiagen
APO,"Apollo Global Management, LLC",/wiki/Apollo_Global_Management
HELE,Helen of Troy Limited,/wiki/Helen_of_Troy_Limited
HE,Hawaiian Electric Industries Inc.,/wiki/Hawaiian_Electric_Industries
RAND,Rand Capital Corporation,
TAP,Molson Coors Beverage Company,
HCP,"HCP, Inc.",/wiki/Health_Care_Property_Investors
AMG,Affiliated Managers Group,/wiki/Affiliated_Managers_Group
ICL,ICL Group Ltd,
TORO,Toro Corp.,
SHAK,Shake Shack Inc.,
WT,"WisdomTree, Inc.",/wiki/WisdomTree_Investments
BYND,"Beyond Meat, Inc.",/wiki/Beyond_Meat
CVS,CVS Health,/wiki/CVS_Health
PKG,Packaging Corporation Of America,
TOST,"Toast, Inc.","/wiki/Toast,_Inc."
TRIP,"Tripadvisor, Inc.",/wiki/Tripadvisor
AMC,"AMC Entertainment Holdings, Inc.",/wiki/AMC_Theatres
AWK,"American Water Works Company, Inc.",/wiki/American_Water_(company)
TCBI,"Texas Capital Bancshares, Inc.",
HEAR,Turtle Beach Corporation,/wiki/Turtle_Beach_Corporation
DHX,Dice.com,/wiki/Dice.com
SNOW,"Intrawest Resorts Holdings, Inc.",/wiki/Intrawest
MSGE,Madison Square Garden Entertainment Corp.,
PRKS,United Parks & Resorts Inc.,
HWM,Howmet Aerospace Inc.,
EPC,Edgewell Personal Care Company,
BK,The Bank of New York Mellon Corporation,
WGO,"Winnebago Industries, Inc.",/wiki/Winnebago_Industries
ED,Consolidated Edison,/wiki/Consolidated_Edison
TLYS,"Tillys, Inc.",/wiki/Tillys
AA,"Alcoa, Inc.",/wiki/Alcoa
VST,Vistra Corp.,/wiki/Vistra_Corp
CSIQ,Canadian Solar Inc.,/wiki/Canadian_Solar
NDLS,Noodles & Company,/wiki/Noodles_%26_Company
ARLO,"Arlo Technologies, Inc.",
GURE,"Gulf Resources, Inc.",
PAG,"Penske Automotive Group, Inc.",/wiki/Penske_Automotive_Group
SKYT,"SkyWater Technology, Inc.",
BOKF,BOK Financial Corporation,/wiki/BOK_Financial_Corporation
GOGO,Gogo Inc.,
PRPL,"Purple Innovation, Inc.",
GIS,"General Mills, Inc.",/wiki/General_Mills
TRI,Thomson Reuters Corporation,/wiki/Thomson_Reuters
EL,Estee Lauder Companies Inc.,/wiki/Est%C3%A9e_Lauder_Companies
TRC,Tejon Ranch Co.,/wiki/Tejon_Ranch
BLDR,"Builders FirstSource, Inc.",
CLOV,"Clover Health Investments, Corp.",/wiki/Clover_Health
VTRS,Viatris Inc.,/wiki/Viatris
USAP,"Universal Stainless & Alloy Products, Inc.",
TTWO,"Take-Two Interactive Software, Inc.",/wiki/Take-Two_Interactive
UAA,"Under Armour, Inc.",
CE,Celanese,/wiki/Celanese
AU,AngloGold Ashanti Limited,/wiki/AngloGold_Ashanti
GDEV,GDEV Inc.,
BEPC,Brookfield Renewable Corporation,
MNDY,monday.com Ltd.,/wiki/Monday.com
HPQ,Hewlett Packard Co.,/wiki/Hewlett-Packard
AAL,American Airlines Group Inc.,/wiki/American_Airlines_Group
LUV,Southwest Airlines Co.,/wiki/Southwest_Airlines
TSN,Tyson Foods Inc.,/wiki/Tyson_Foods
EQIX,"Equinix, Inc.",/wiki/Equinix
M,"Macy's, Inc.",
BHR,Braemar Hotels & Resorts Inc.,
BBWI,"Bath & Body Works, Inc.",
ARCB,ArcBest Corporation,
SJR,Shaw Communications Inc.,/wiki/Shaw_Communications
DPZ,Domino's Pizza,/wiki/Domino%27s_Pizza
CNI,Canadian National Railway,/wiki/Canadian_National_Railway
RKT,Rocket Companies,/wiki/Rocket_Companies
CAG,ConAgra Foods,/wiki/ConAgra_Foods
MTD,Mettler-Toledo International Inc.,
WBD,"Warner Bros. Discovery, Inc.",/wiki/Warner_Bros._Discovery
CRL,Charles River Laboratories,/wiki/Charles_River_Laboratories
IT,Gartner Inc.,/wiki/Gartner
CNHI,CNH Industrial,/wiki/CNH_Industrial
RVT,Royce Value Trust Inc.,
WLFC,Willis Lease Finance Corporation,
CB,Chubb Corp.,/wiki/Chubb_Corp.
BC,Brunswick Corporation,
OLLI,"Ollie's Bargain Outlet Holdings, Inc.",/wiki/Ollie%27s_Bargain_Outlet
WING,Wingstop Inc.,/wiki/Wingstop
LRCX,Lam Research Corporation,/wiki/Lam_Research
PFGC,Performance Food Group Company,
ABCB,Ameris Bancorp,/wiki/Ameris_Bancorp
NTGR,"NETGEAR, Inc.",/wiki/Netgear
BIPC,Brookfield Infrastructure Corporation,
LEN,Lennar Corporation,
ADT,ADT Inc.,
IONS,"Ionis Pharmaceuticals, Inc.",/wiki/Ionis_Pharmaceuticals
KD,"Kyndryl Holdings, Inc.",
WY,Weyerhaeuser Company,/wiki/Weyerhaeuser
CATY,Cathay General Bancorp,
TEX,Terex Corporation,/wiki/Terex
PSA,Public Storage,/wiki/Public_Storage
SCHW,Charles Schwab Corporation,/wiki/Charles_Schwab_Corporation
TROX,Tronox Holdings plc,/wiki/Tronox
INFA,Informatica Inc.,
POLA,"Polar Power, Inc.",
CWH,CommonWealth REIT,
BKD,Brookdale Senior Living Inc.,
AMAL,Amalgamated Financial Corp.,
EA,Electronic Arts Inc.,/wiki/Electronic_Arts
ALLE,Allegion Public Limited Company,/wiki/Allegion
RCL,Royal Caribbean Group,/wiki/Royal_Caribbean_Group
LMND,"Lemonade, Inc.",
DLX,Deluxe Corporation,/wiki/Deluxe_Corporation
SHCR,"Sharecare, Inc.",/wiki/Sharecare
SLF,"Sun Life Financial, Inc.",/wiki/Sun_Life_Financial
NVR,"NVR, Inc.",
SWKS,"Skyworks Solutions, Inc.",/wiki/Skyworks_Solutions
MLM,"Martin Marietta Materials, Inc.",
SF,Stifel Financial Corporation,/wiki/Stifel
CCIF,Carlyle Credit Income Fund,
SPTN,SpartanNash Company,/wiki/SpartanNash
CM,Canadian Imperial Bank of Commerce,/wiki/Canadian_Imperial_Bank_of_Commerce
MSM,"MSC Industrial Direct Co., Inc.",
MANU,Manchester United plc,
RCM,R1 RCM Inc.,/wiki/R1_RCM
BRCC,BRC Inc.,
SOUN,"SoundHound AI, Inc.",/wiki/SoundHound
FAZE,FaZe Holdings Inc.,
RGR,"Sturm, Ruger & Company Inc.","/wiki/Sturm,_Ruger_%26_Co."
VOYA,"Voya Financial, Inc.",/wiki/Voya_Financial
BBLG,Bone Biologics Corporation,
CMPR,Cimpress plc,/wiki/Cimpress
NWBI,"Northwest Bancshares, Inc.",
DGX,Quest Diagnostics Incorporated,/wiki/Quest_Diagnostics
EXPR,"Express, Inc.","/wiki/Express,_Inc."
CSV,Carriage Services,
IMAX,IMAX Corporation,/wiki/IMAX_Corporation
CAR,"Avis Budget Group, Inc.",/wiki/Avis_Budget_Group
NTNX,"Nutanix, Inc.",/wiki/Nutanix
SSIC,Silver Spike Investment Corp.,
PATH,UiPath Inc.,/wiki/UiPath
EFC,Ellington Financial LLC,
CARG,"CarGurus, Inc.",/wiki/CarGurus
MMAT,Meta Materials Inc.,
ULH,"Universal Logistics Holdings, Inc.",
TXG,"10x Genomics, Inc.",/wiki/10x_Genomics
RMD,ResMed,/wiki/ResMed
UNFI,"United Natural Foods, Inc.",/wiki/United_Natural_Foods
FLUT,Flutter Entertainment plc,
FLR,Fluor Corporation,/wiki/Fluor_Corporation
GOLD,Barrick Gold Corporation,
FICO,Fair Isaac Corporation,/wiki/FICO
POR,Portland General Electric Company,/wiki/Portland_General_Electric
VFS,VinFast Auto Ltd.,/wiki/VinFast
KMI,Kinder Morgan,/wiki/Kinder_Morgan
GGR,Gogoro Inc.,/wiki/Gogoro
IOVA,"Iovance Biotherapeutics, Inc.",/wiki/Iovance_Biotherapeutics
BLZE,"Backblaze, Inc.",/wiki/Backblaze
AMR,"Alpha Metallurgical Resources, Inc.",
WBS,Webster Financial Corporation,/wiki/Webster_Bank
FNB,F.N.B. Corporation,/wiki/FNB_Corporation
TSQ,"Townsquare Media, Inc.",/wiki/Townsquare_Media
LIN,LIN Media,/wiki/LIN_Media
XM,Qualtrics International Inc.,
LGO,Largo Inc.,
PL,Protective Life Corporation,/wiki/Protective_Life
HLLY,Holley Inc.,
SIX,Six Flags Entertainment Corporation,/wiki/Six_Flags
FACT,Freedom Acquisition I Corp.,
STSS,"Sharps Technology, Inc.",
DNA,"Ginkgo Bioworks Holdings, Inc.",
TRN,Trinity Industries Inc.,/wiki/Trinity_Industries
SCVL,"Shoe Carnival, Inc.",/wiki/Shoe_Carnival
BIRD,"Allbirds, Inc.",/wiki/Allbirds
LCID,"Lucid Group, Inc.",
BRDS,"Bird Global, Inc.",
KFY,Korn Ferry,/wiki/Korn_Ferry
EEFT,"Euronet Worldwide, Inc.",/wiki/Euronet_Worldwide
TAC,TransAlta Corporation,/wiki/TransAlta
CAC,Camden National Corporation,/wiki/AMD
SLG,SL Green Realty Corporation,/wiki/SL_Green_Realty
BEEM,Beam Global,
OMF,"OneMain Holdings, Inc.",
STN,Stantec Inc.,/wiki/Stantec
FDP,Fresh Del Monte Produce Inc.,/wiki/Fresh_Del_Monte_Produce
THRY,"Thryv Holdings, Inc.",/wiki/Thryv
AMP,"Ameriprise Financial, Inc.",/wiki/Ameriprise_Financial
TR,Tootsie Roll Industries Inc.,/wiki/Tootsie_Roll_Industries
PLTR,Palantir Technologies Inc.,
GAME,"Engine Gaming and Media, Inc.",
BMO,Bank of Montreal,
WRBY,Warby Parker Inc.,/wiki/Warby_Parker
CPNG,"Coupang, Inc.",
ACHR,Archer Aviation Inc.,
DLB,Dolby Laboratories,/wiki/Dolby_Laboratories
BATRA,The Liberty Braves Group,
EE,El Paso Electric Co.,/wiki/El_Paso_Electric
NODK,"NI Holdings, Inc.",
ZS,"Zscaler, Inc.",/wiki/Zscaler
ABM,ABM Industries Incorporated,/wiki/ABM_Industries
WE,WeWork Inc.,/wiki/WeWork
SAIC,Science Applications International Corporation,/wiki/Science_Applications_International_Corporation
ANGI,Angi Inc.,/wiki/Angi_Inc.
NEE,"NextEra Energy, Inc.",
TREE,"LendingTree, Inc.",/wiki/LendingTree
PD,"PagerDuty, Inc.",
RKLB,"Rocket Lab USA, Inc.",/wiki/Rocket_Lab
SPWR,SunPower Corporation,/wiki/SunPower
SFM,"Sprouts Farmers Market, Inc.",/wiki/Sprouts_Farmers_Market
DINO,HF Sinclair Corporation,
CSCO,"Cisco Systems, Inc.",/wiki/Cisco
CCO,Clear Channel Outdoor,/wiki/Clear_Channel_Outdoor
KRUS,"Kura Sushi USA, Inc.",/wiki/Kura_Sushi
SLAB,Silicon Laboratories Inc.,
AYI,"Acuity Brands, Inc.",/wiki/Acuity_Brands
DUOL,"Duolingo, Inc.",/wiki/Duolingo
MTH,Meritage Homes Corporation,
ADBE,Adobe Inc.,/wiki/Adobe_Inc.
CZR,"Caesars Entertainment, Inc.",/wiki/Caesars_Entertainment
MS,Morgan Stanley,
SASI,"Sigma Labs, Inc.",
JWN,"Nordstrom, Inc.",
BODY,"The Beachbody Company, Inc.",
BBUC,Brookfield Business Corporation,
CHWY,"Chewy, Inc.",
FTI,TechnipFMC plc,/wiki/TechnipFMC
WBA,"Walgreens Boots Alliance, Inc.",/wiki/Walgreens_Boots_Alliance
TRU,TransUnion,/wiki/TransUnion
WDFC,WD-40 Company,/wiki/WD-40_Company
UBER,"Uber Technologies, Inc.",/wiki/Uber
MYGN,"Myriad Genetics, Inc.",/wiki/Myriad_Genetics
INGR,Ingredion Incorporated,/wiki/Ingredion
FC,Franklin Covey Company,/wiki/FranklinCovey
EXR,"Extra Space Storage, Inc.",/wiki/Extra_Space_Storage
MDLZ,"Mondelez International, Inc.",/wiki/Mondelez_International
TFII,TFI International Inc.,/wiki/TFI_International
FTS,Fortis Inc.,
ZI,ZoomInfo Technologies Inc.,/wiki/ZoomInfo
HLF,Herbalife Ltd.,/wiki/Herbalife
HST,"Host Hotels & Resorts, Inc.",/wiki/Host_Hotels_%26_Resorts
JBI,"Janus International Group, Inc.",
TTEK,"Tetra Tech, Inc.",/wiki/Tetra_Tech
TER,"Teradyne, Inc.",
LBRT,Liberty Energy Inc.,
TYL,"Tyler Technologies, Inc.",/wiki/Tyler_Technologies
GLRE,"Greenlight Capital Re, Ltd.",
ZCAR,"Zoomcar Holdings, Inc.",
BX,Blackstone Inc.,
IRBT,iRobot Corporation,/wiki/IRobot
CAT,Caterpillar Inc.,/wiki/Caterpillar_Inc.
ATGE,Adtalem Global Education Inc.,
UPS,"United Parcel Service, Inc.",/wiki/United_Parcel_Service
GEEX,Games & Esports Experience Acquisition Corp.,/wiki/Xperi
LFVN,LifeVantage Corporation,
SPB,"Spectrum Brand Holdings, Inc.",/wiki/Spectrum_Brands
RY,Royal Bank of Canada,/wiki/Royal_Bank_of_Canada
TWNK,"Hostess Brands, Inc.",
CCJ,Cameco,/wiki/Cameco
NCNO,"nCino, Inc.",/wiki/NCino
PCG,PG&E Corporation,/wiki/Pacific_Gas_and_Electric_Company
FOSL,"Fossil Group, Inc.",/wiki/Fossil_Group
JOBY,"Joby Aviation, Inc.",
BOWL,Bowlero Corp.,
GDOT,Green Dot Corporation,/wiki/Green_Dot_Corporation
PLBY,"PLBY Group, Inc.",/wiki/PLBY_Group
TWOU,"2U, Inc.",
FLWS,"1-800-FLOWERS.COM, Inc.","/wiki/1-800-Flowers.com,_Inc."
CHKP,Check Point Software Technologies Ltd.,/wiki/Check_Point
PHR,"Phreesia, Inc.",
TSEM,Tower Semiconductor Ltd.,
VSAT,"Viasat, Inc.",
BCOV,Brightcove Inc.,/wiki/Brightcove
NEGG,"Newegg Commerce, Inc.",/wiki/Newegg
RS,Reliance Steel & Aluminum Co.,/wiki/Reliance_Steel_%26_Aluminum_Co.
SCHL,Scholastic Corporation,/wiki/Scholastic_Corporation
DRI,Darden Restaurants,/wiki/Darden_Restaurants
MNST,Monster Beverage Corporation,/wiki/Monster_Beverage
AN,Autonation Inc,/wiki/AutoNation
SHW,Sherwin Williams Co.,/wiki/Sherwin-Williams
PLYA,Playa Hotels & Resorts N.V.,
XYL,Xylem Inc.,/wiki/Xylem_Inc.
APPN,Appian Corporation,/wiki/Appian_Corporation
RTX,Raytheon Technologies Corporation,
CAVA,"CAVA Group, Inc.",
FRME,First Merchants Corporation,/wiki/First_Merchants_Corporation
JAKK,"JAKKS Pacific, Inc.",/wiki/Jakks_Pacific
FSLR,"First Solar, Inc.",/wiki/First_Solar
ECPG,"Encore Capital Group, Inc.",/wiki/Encore_Capital_Group
CFR,Frost Bank,/wiki/Frost_Bank
PTON,"Peloton Interactive, Inc.",/wiki/Peloton_Interactive
CNK,Cinemark Theatres,/wiki/Cinemark_Theatres
SEMR,"Semrush Holdings, Inc.",
CSL,Carlisle Companies,/wiki/Carlisle_Companies
DKS,Dick's Sporting Goods,/wiki/Dick%27s_Sporting_Goods
ATUS,"Altice USA, Inc.",
GIII,"G-III Apparel Group, Ltd.",/wiki/G-III_Apparel_Group
CHK,Chesapeake Energy,/wiki/Chesapeake_Energy
HWKN,"Hawkins, Inc.",
QBTS,D-Wave Quantum Inc.,
PANW,"Palo Alto Networks, Inc.",/wiki/Palo_Alto_Networks
RL,Ralph Lauren Corporation,/wiki/Ralph_Lauren_Corporation
OSK,Oshkosh Corporation,/wiki/Oshkosh_Corporation
VGII,Virgin Group Acquisition Corp. II,
PINS,"Pinterest, Inc.",
REGN,"Regeneron Pharmaceuticals, Inc.",/wiki/Regeneron_Pharmaceuticals
CRWD,"CrowdStrike Holdings, Inc.",/wiki/CrowdStrike
ROP,Roper Industries,/wiki/Roper_Industries
DBI,Designer Brands Inc.,
CLVT,Clarivate Plc,
LEVI,Levi Strauss & Co.,
GPAC,Global Partner Acquisition Corp II,
SWI,"SolarWinds, Inc.",/wiki/SolarWinds
ISAA,Iron Spark I Inc.,
ZUMZ,Zumiez Inc.,/wiki/Zumiez
CHH,Choice Hotels,/wiki/Choice_Hotels
PARA,Paramount Global,/wiki/Paramount_Global
KGC,Kinross Gold,/wiki/Kinross_Gold
IRDM,Iridium Communications Inc.,/wiki/Iridium_Communications
IVR,Invesco Mortgage Capital Inc.,
TMHC,Taylor Morrison Home Corporation,/wiki/Taylor_Morrison
JKHY,"Jack Henry & Associates, Inc.",/wiki/Jack_Henry_%26_Associates
CADE,Cadence Bank,
BLDE,"Blade Air Mobility, Inc.",
ENB,"Enbridge, Inc.",/wiki/Enbridge
CROX,"Crocs, Inc.",/wiki/Crocs
CRM,"salesforce.com, inc.",/wiki/Salesforce.com
SMCI,"Super Micro Computer, Inc.",
JEF,Jefferies Financial Group Inc.,
BLBD,Blue Bird Corporation,/wiki/Blue_Bird_Corporation
WFRD,Weatherford International plc,/wiki/Weatherford_International
NTRA,"Natera, Inc.",/wiki/Natera
QLYS,"Qualys, Inc.",/wiki/Qualys
BMY,Bristol-Myers Squibb Company,
PHM,"PulteGroup, Inc.",/wiki/Pulte_Homes
SNBR,Sleep Number Corporation,/wiki/Sleep_Number
CBT,Cabot Corporation,/wiki/Cabot_Corporation
BCO,The Brink's Company,
HEES,"H&E Equipment Services, Inc.",
AVB,"AvalonBay Communities, Inc.",/wiki/AvalonBay_Communities
RHP,Ryman Hospitality Properties,/wiki/Ryman_Hospitality_Properties
NWL,Newell Brands Inc.,/wiki/Newell_Brands
HHLA,HH&L Acquisition Co.,
VTOL,Bristow Group Inc.,
EVGR,Evergreen Corporation,
SIG,Signet Jewelers Limited,/wiki/Signet_Jewelers
MASI,Masimo Corporation,/wiki/Masimo
TWOA,two,
WEC,"WEC Energy Group, Inc.",/wiki/WEC_Energy_Group
ICFI,"ICF International, Inc.",/wiki/ICF_International
POSH,"Poshmark, Inc.",
BRK,,
W,Wayfair Inc.,/wiki/Wayfair
BAH,Booz Allen Hamilton Holding Corporation,
AAPL,Apple Inc.,/wiki/Apple_Inc.
BMBL,Bumble Inc.,/wiki/Bumble
HAIN,"The Hain Celestial Group, Inc.",/wiki/Hain_Celestial_Group
A,Agilent Technologies Inc.,/wiki/Agilent_Technologies
WTRG,"Essential Utilities, Inc.",
OVV,Ovintiv Inc.,
KELYA,"Kelly Services, Inc.",/wiki/Kelly_Services
DBRG,"DigitalBridge Group, Inc.",
UI,Ubiquiti Inc.,/wiki/Ubiquiti
AFRM,"Affirm Holdings, Inc.",/wiki/Affirm_Holdings
TCS,The Container Store,/wiki/The_Container_Store
HIBB,"Hibbett, Inc.",
AVAV,"AeroVironment, Inc.",/wiki/AeroVironment
MPW,"Medical Properties Trust, Inc.",
WERN,"Werner Enterprises, Inc.",/wiki/Werner_Enterprises
NLY,"Annaly Capital Management, Inc.",
PDLB,"Ponce Financial Group, Inc.",
EPAM,"EPAM Systems, Inc.",/wiki/EPAM_Systems
SFIX,"Stitch Fix, Inc.",/wiki/Stitch_Fix
TKR,The Timken Company,/wiki/Timken_Company
VRSK,"Verisk Analytics, Inc.",/wiki/Verisk_Analytics
GM,General Motors Company,/wiki/General_Motors
AER,AerCap Holdings N.V.,/wiki/AerCap
NTR,Nutrien Ltd.,
AMCX,AMC Networks Inc.,/wiki/AMC_Networks
COUR,"Coursera, Inc.",
ITRI,"Itron, Inc.",/wiki/Itron
COP,ConocoPhillips,/wiki/ConocoPhillips
ZETA,Zeta Global Holdings Corp.,/wiki/Zeta_Global
SAVE,"Spirit Airlines, Inc.",
H,Hyatt Hotels Corporation,/wiki/Hyatt
JBLU,JetBlue Airways Corporation,/wiki/JetBlue
RENT,"Rent the Runway, Inc.",/wiki/Rent_the_Runway
LZB,La-Z-Boy,/wiki/La-Z-Boy
LEE,Lee Enterprises,/wiki/Lee_Enterprises
SMWB,Similarweb Ltd.,
AXL,"American Axle & Manufacturing Holdings, Inc.",/wiki/American_Axle
PAGP,"Plains GP Holdings, L.P.",
FUSB,"First US Bancshares, Inc.",
AUD,"Audacy, Inc.","/wiki/Audacy,_Inc."
IOT,Samsara Inc.,
SRPT,"Sarepta Therapeutics, Inc.",/wiki/Sarepta_Therapeutics
ANGH,Anghami Inc.,/wiki/Anghami
VZ,Verizon Communications Inc.,/wiki/Verizon_Communications
LPLA,LPL Financial Holdings Inc.,/wiki/LPL_Financial
BHIL,"Benson Hill, Inc.",
RIDE,Lordstown Motors Corp.,
FERG,Ferguson plc,
FCN,"FTI Consulting, Inc.",/wiki/FTI_Consulting
HRYU,"Hanryu Holdings, Inc.",
GLW,Corning Inc.,/wiki/Corning_Inc.
FHI,"Federated Hermes, Inc.",
EEIQ,Elite Education Group International Limited,
CBRL,"Cracker Barrel Old Country Store, Inc.",/wiki/Cracker_Barrel
MKTX,MarketAxess Holdings Inc.,/wiki/MarketAxess
EXPD,"Expeditors International of Washington, Inc.",/wiki/Expeditors_International
DBX,"Dropbox, Inc.",/wiki/Dropbox
BE,Bloom Energy Corporation,
AVNT,Avient Corporation,
ZFOX,"ZeroFox Holdings, Inc.",/wiki/ZeroFox
MRK,"Merck & Co., Inc.",
TTD,"The Trade Desk, Inc.",/wiki/The_Trade_Desk
TGNA,Tegna Inc.,/wiki/Tegna_Inc.
KBR,KBR,/wiki/KBR_(company)
VRT,Vertiv Holdings Co,/wiki/Vertiv
GRND,Grindr Inc.,
GOOG,Alphabet Inc.,/wiki/Alphabet_Inc.
LBTYA,Liberty Global plc,/wiki/Liberty_Global
AGCB,Altimeter Growth Corp. 2,
ADNT,Adient Plc,/wiki/Adient
FLT,"Fleetcor Technologies, Inc.",
BR,"Broadridge Financial Solutions, Inc.",
CPSI,"Computer Programs and Systems, Inc.",
JAMF,Jamf Holding Corp.,/wiki/Jamf
ESTC,Elastic N.V.,
WMB,"The Williams Companies, Inc.",/wiki/Williams_Companies
SNEX,StoneX Group Inc.,
SSP,The E. W. Scripps Company,/wiki/E._W._Scripps_Company
STLA,Stellantis N.V.,
SNDR,"Schneider National, Inc.",
KBH,KB Home,/wiki/KB_Home
CSGP,"CoStar Group, Inc.",/wiki/CoStar_Group
AIZ,"Assurant, Inc.",/wiki/Assurant
LDI,"loanDepot, Inc.",
KMPR,Kemper Corporation,
MBI,MBIA Inc.,
GFS,GLOBALFOUNDRIES Inc.,/wiki/GlobalFoundries
AXON,Axovant Sciences Ltd.,/wiki/Axovant_Sciences
ROST,"Ross Stores, Inc.",/wiki/Ross_Stores
VICI,Vici Properties Inc.,/wiki/Vici_Properties
FMBH,"First Mid Bancshares, Inc.",
HEI,HEICO Corporation,/wiki/HEICO
OB,"OneBeacon Insurance Group, LTD",/w/index.php?title=OneBeacon&action=edit&redlink=1
WDAY,"Workday, Inc.","/wiki/Workday,_Inc."
STZ,Constellation Brands,/wiki/Constellation_Brands
SVV,"Savers Value Village, Inc.",
FIVE,"Five Below, Inc.",/wiki/Five_Below
MSGS,Madison Square Garden Sports Corp.,
CNEY,CN Energy Group. Inc.,
RIVN,"Rivian Automotive, Inc.",/wiki/Rivian
CARR,Carrier Global Corporation,
NTCT,"NetScout Systems, Inc.",/wiki/NetScout_Systems
NOC,Northrop Grumman Corporation,
RELY,"Remitly Global, Inc.",
CIGI,Colliers International Group Inc.,
BSY,"Bentley Systems, Incorporated",/wiki/Bentley_Systems
FVRR,Fiverr International Ltd.,
CHGG,Chegg,/wiki/Chegg
CFG,"Citizens Financial Group, Inc.",
CAKE,The Cheesecake Factory Incorporated,/wiki/The_Cheesecake_Factory
GNE,Genie Energy Ltd.,/wiki/Genie_Energy
QS,QuantumScape Corporation,/wiki/QuantumScape
BOX,"Box, Inc.",
WIX,Wix.com Ltd.,/wiki/Wix.com
DGNU,Dragoneer Growth Opportunities Corp. III,
JACK,Jack in the Box Inc.,/wiki/Jack_in_the_Box
HA,"Hawaiian Holdings, Inc.",/wiki/Hawaiian_Holdings
TRMB,Trimble Inc.,/wiki/Trimble_Inc.
SON,Sonoco Products Co.,/wiki/Sonoco
ALSN,"Allison Transmission Holdings, Inc.",/wiki/Allison_Transmission
UTI,"Universal Technical Institute, Inc.",/wiki/Universal_Technical_Institute
LSCC,Lattice Semiconductor Corporation,/wiki/Lattice_Semiconductor
ROKU,"Roku, Inc.","/wiki/Roku,_Inc."
ANF,Abercrombie & Fitch,/wiki/Abercrombie_%26_Fitch
GTX,Garrett Motion Inc.,
DISH,DISH Network Corporation,
LGF,Lions Gate Entertainment,/wiki/Lions_Gate_Entertainment
VIAV,Viavi Solutions Inc.,/wiki/Viavi_Solutions
ATI,Allegheny Technologies Incorporated,/wiki/Allegheny_Technologies
CGNX,Cognex Corporation,/wiki/Cognex_Corporation
BILL,"Bill.com Holdings, Inc.",
SPCE,"Virgin Galactic Holdings, Inc.",/wiki/Virgin_Galactic
VNOM,Viper Energy Partners LP,
MOS,The Mosaic Company,
CVE,Cenovus Energy,/wiki/Cenovus_Energy
TGI,Triumph Group Inc.,/wiki/Triumph_Group
GD,General Dynamics Corporation,/wiki/General_Dynamics
MTN,"Vail Resorts, Inc.",/wiki/Vail_Resorts
ODP,Office Depot Inc.,/wiki/Office_Depot
AESI,Atlas Energy Solutions Inc.,
ALGN,"Align Technology, Inc.",/wiki/Align_Technology
V,Visa Inc.,/wiki/Visa_Inc.
USB,U.S. Bancorp,/wiki/U.S._Bancorp
RDIB,"Reading International, Inc.",
OOMA,"Ooma, Inc.",
KTB,"Kontoor Brands, Inc.",
MP,MP Materials Corp.,
AVTR,"Avantor, Inc.",
PGRE,"Paramount Group, Inc.",
TUP,Tupperware Brands Corporation,/wiki/Tupperware_Brands
PACB,"Pacific Biosciences of California, Inc.",/wiki/Pacific_Biosciences
FUN,Cedar Fair,/wiki/Cedar_Fair
CANO,"Cano Health, Inc.",
IFF,International Flavors & Fragrances Inc.,/wiki/International_Flavors_%26_Fragrances
MHK,"Mohawk Industries, Inc.",
DOLE,Dole plc,
PSTG,"Pure Storage, Inc.",
TDOC,"Teladoc Health, Inc.",/wiki/Teladoc_Health
IBM,International Business Machines Corporation,/wiki/IBM
HD,"Home Depot, Inc.",/wiki/The_Home_Depot
ABGI,ABG Acquisition Corp. I,
NU,Nu Holdings Ltd.,
LOGI,Logitech International S.A.,/wiki/Logitech
HOG,"Harley-Davidson, Inc.",/wiki/Harley-Davidson
ACGL,Arch Capital Group Ltd.,/wiki/Arch_Capital_Group
SCI,Service Corporation International,/wiki/Service_Corporation_International
EXTR,"Extreme Networks, Inc.",/wiki/Extreme_Networks
ALTR,Altair Engineering Inc.,/wiki/Altair_Engineering
ASTS,"AST SpaceMobile, Inc.",/wiki/AST_SpaceMobile
HTZ,"Hertz Global Holdings, Inc.",/wiki/Hertz_Global_Holdings
BBLN,Babylon Holdings Limited,
BFH,"Bread Financial Holdings, Inc.",
ARM,Arm Holdings plc American Depositary Shares,/wiki/Arm_Holdings
SNA,Snap On Inc.,/wiki/Snap-on
WKHS,Workhorse Group Inc.,/wiki/Workhorse_Group
CNO,CNO Financial Group,/wiki/CNO_Financial_Group
TPX,"Tempur Sealy International, Inc.",/wiki/Tempur_Sealy_International
PPG,"PPG Industries, Inc.",/wiki/PPG_Industries
FTNT,"Fortinet, Inc.",/wiki/Fortinet
MC,Moelis & Company,
PFL,PIMCO Income Strategy Fund,
SANM,Sanmina Corporation,/wiki/Sanmina_Corporation
VRA,"Vera Bradley, Inc.",/wiki/Vera_Bradley
BZFD,"BuzzFeed, Inc.",/wiki/BuzzFeed
HAPP,Happiness Development Group Limited,
ANET,Arista Networks,/wiki/Arista_Networks
COMP,"Compass, Inc.",
JCI,"Johnson Controls, Inc.",/wiki/Johnson_Controls
JELD,"JELD-WEN Holding, Inc.",
ACCD,"Accolade, Inc.",
SNX,TD SYNNEX Corporation,/wiki/TD_Synnex
EVRG,"Evergy, Inc.",/wiki/Evergy
WOLF,"Wolfspeed, Inc.",/wiki/Wolfspeed
ZIP,"ZipRecruiter, Inc.",/wiki/ZipRecruiter
OMC,Omnicom Group Inc.,/wiki/Omnicom_Group
PBI,Pitney Bowes Inc.,/wiki/Pitney_Bowes
GAIA,"Gaia, Inc.",
TETE,Technology & Telecommunication Acquisition Corporation,
ACHC,"Acadia Healthcare Company, Inc.",/wiki/Acadia_Healthcare
PNR,"Pentair, Ltd.",/wiki/Pentair
GDRX,"GoodRx Holdings, Inc.",/wiki/GoodRx
CG,The Carlyle Group Inc.,/wiki/The_Carlyle_Group
GILD,"Gilead Sciences, Inc.",/wiki/Gilead_Sciences
COMM,"CommScope Holding Company, Inc.",/wiki/CommScope
HUN,Huntsman Corporation,/wiki/Huntsman_Corporation
EHC,Encompass Health Corporation,
EPWR,Empowerment & Inclusion Capital I Corp.,
TENB,"Tenable Holdings, Inc.",
CVNA,Carvana Co.,
PFG,"Principal Financial Group, Inc.",/wiki/Principal_Financial_Group
AL,Air Lease Corporation,/wiki/Air_Lease_Corporation
TD,Toronto-Dominion Bank,/wiki/Toronto-Dominion_Bank
PSFE,Paysafe Limited,
NGVC,"Natural Grocers by Vitamin Cottage, Inc.",
BWA,BorgWarner Inc.,
MKSI,"MKS Instruments, Inc.",/wiki/MKS_Instruments
CZNC,Citizens & Northern Corporation,
IHRT,"iHeartMedia, Inc.",/wiki/IHeartMedia
EDR,"Education Realty Trust, Inc.",
SEM,Select Medical Holdings Corporation,/wiki/Select_Medical
VRNS,"Varonis Systems, Inc.",/wiki/Varonis_Systems
HES,Hess Corporation,/wiki/Hess_Corporation
EXFY,"Expensify, Inc.",/wiki/Expensify
CHPT,"ChargePoint Holdings, Inc.",
GATX,GATX Corporation,
YEXT,"Yext, Inc.",/wiki/Yext
WRB,W. R. Berkley Corporation,
DLTR,"Dollar Tree, Inc.",/wiki/Dollar_Tree
DOCN,"DigitalOcean Holdings, Inc.",
KLG,WK Kellogg Co,/wiki/WK_Kellogg_Co
ENOV,Enovis Corporation,
SN,Sanchez Energy Corporation,
UBS,UBS Group AG,/wiki/UBS
SKIL,Skillsoft Corp.,
CARS,Cars.com Inc.,
ETSY,"Etsy, Inc.",/wiki/Etsy
GETY,"Getty Images Holdings, Inc.",
NWS,News Corporation,/wiki/News_Corp
MGM,MGM Resorts International,
PEGA,Pegasystems Inc.,/wiki/Pegasystems
BLK,"BlackRock, Inc.",
SG,"Sweetgreen, Inc.",
J,Jacobs Engineering Group Inc.,
BTU,Peabody Energy Corporation,/wiki/Peabody_Energy
CCOI,"Cogent Communications Holdings, Inc.",/wiki/Cogent_Communications
DXYN,"The Dixie Group, Inc.",
EBF,"Ennis, Inc.",
BSX,Boston Scientific Corporation,
WSFS,WSFS Financial Corporation,
WMG,Warner Music Group Corp.,/wiki/Warner_Music_Group
WTI,"W&T Offshore, Inc.",
BLDP,Ballard Power Systems Inc.,
KRO,KRONOS Worldwide,
IMTE,Integrated Media Technology Limited,
CRSP,CRISPR Therapeutics AG,/wiki/CRISPR_Therapeutics
URBN,"Urban Outfitters, Inc.",/wiki/Urban_Outfitters
INCY,Incyte Corporation,/wiki/Incyte
SCU,Scana Corporation,
GEHC,GE HealthCare Technologies Inc.,/wiki/GE_HealthCare
TDY,Teledyne Technologies Incorporated,/wiki/Teledyne_Technologies
TKO,"TKO Group Holdings, Inc.",
IS,ironSource Ltd.,
CMC,Commercial Metals Company,/wiki/Commercial_Metals_Company
NTAP,"NetApp, Inc.",/wiki/NetApp
ELF,"e.l.f. Beauty, Inc.",
JHG,Janus Henderson Group plc,
CASY,"Casey's General Stores, Inc.",/wiki/Casey%27s
SCOR,"comScore, Inc.",/wiki/Comscore
STLD,"Steel Dynamics, Inc.",/wiki/Steel_Dynamics
SRCL,"Stericycle, Inc.",/wiki/Stericycle
FMC,FMC Corporation,/wiki/FMC_Corporation
NKE,"NIKE, Inc.",
ALKT,"Alkami Technology, Inc.",
LII,Lennox International,/wiki/Lennox_International
UTZ,"Utz Brands, Inc.",/wiki/Utz_Brands
AS,"Amer Sports, Inc.",
BKE,"The Buckle, Inc.",
VIRT,"Virtu Financial, Inc.",/wiki/Virtu_Financial
PSX,Phillips 66,/wiki/Phillips_66
NBR,Nabors Industries Ltd.,
NAVI,Navient Corporation,/wiki/Navient
KIND,"Nextdoor Holdings, Inc.",
JJSF,J&J Snack Foods Corp.,/wiki/J%26J_Snack_Foods
SCL,Stepan Co.,/wiki/Stepan_Company
MOV,"Movado Group, Inc.",
ALNY,"Alnylam Pharmaceuticals, Inc.",/wiki/Alnylam_Pharmaceuticals
HNST,"The Honest Company, Inc.",/wiki/The_Honest_Company
LUNR,"Intuitive Machines, Inc.",/wiki/Intuitive_Machines
CTRA,Coterra,/wiki/Coterra
TSLA,"Tesla, Inc.","/wiki/Tesla,_Inc."
XELB,"Xcel Brands, Inc.",
SBGI,"Sinclair Broadcast Group, Inc.",/wiki/Sinclair_Broadcast_Group
LITT,Logistics Innovation Technologies Corp.,
SAM,"The Boston Beer Company, Inc.",
DAKT,"Daktronics, Inc.",/wiki/Daktronics
RRGB,"Red Robin Gourmet Burgers, Inc.",/wiki/Red_Robin
OPEN,Opendoor Technologies Inc.,/wiki/Opendoor
ASB,Associated Banc-Corp,/wiki/Associated_Banc-Corp
NYCB,"New York Community Bancorp, Inc.",
D,Dominion Resources,/wiki/Dominion_Resources
IAC,IAC Inc.,/wiki/IAC_Inc.
FRHC,Freedom Holding Corp.,
MCHP,Microchip Technology Incorporated,/wiki/Microchip_Technology
OZK,Bank OZK,/wiki/Bank_OZK
BOH,Bank of Hawaii Corporation,
ALC,Alcon Inc.,
ELAN,Elanco Animal Health Incorporated,
COOP,Mr. Cooper Group Inc.,
APPF,"AppFolio, Inc.",/wiki/AppFolio
BCC,Boise Cascade Company,
G,Genpact Limited,/wiki/Genpact
SUM,"Summit Materials, Inc.",
WWD,"Woodward, Inc.","/wiki/Woodward,_Inc."
PSMT,"PriceSmart, Inc.",/wiki/PriceSmart
EXAS,Exact Sciences Corporation,
AMH,American Homes 4 Rent,/wiki/American_Homes_4_Rent
ALLY,Ally Financial Inc.,/wiki/Ally_Financial
SPOT,Spotify Technology S.A.,
SQSP,"Squarespace, Inc.",
ROCC,Ranger Oil Corporation,
OPK,"OPKO Health, Inc.",/wiki/OPKO_Health
NTLA,"Intellia Therapeutics, Inc.",/wiki/Intellia_Therapeutics
MMM,3M Company,/wiki/3M
HOOD,"Robinhood Markets, Inc.",/wiki/Robinhood_Markets
VNT,Vontier Corporation,/wiki/Vontier
FUBO,fuboTV Inc.,
AUR,"Aurora Innovation, Inc.",/wiki/Aurora_Innovation
AIR,AAR Corporation,/wiki/AAR_Corp
TRUE,"TrueCar, Inc.",/wiki/TrueCar
SMR,NuScale Power Corporation,
ALIT,"Alight, Inc.",
SHOO,"Steven Madden, Ltd.",
NSIT,"Insight Enterprises, Inc.",/wiki/Insight_Enterprises
STX,Seagate Technology Holdings plc,/wiki/Seagate_Technology
MMYT,MakeMyTrip Limited,/wiki/MakeMyTrip
INVH,Invitation Homes Inc.,
VLO,Valero Energy Corporation,/wiki/Valero_Energy
FND,"Floor & Decor Holdings, Inc.",
NXPI,NXP Semiconductors N.V.,/wiki/NXP_Semiconductors
MUR,Murphy Oil Corporation,
CYH,Community Health Systems,/wiki/Community_Health_Systems
TNET,"TriNet Group, Inc.",/wiki/TriNet
CNDT,Conduent Incorporated,
TGAA,Target Global Acquisition I Corp.,
DG,Dollar General,/wiki/Dollar_General
BROS,Dutch Bros Inc.,
SPLK,Splunk Inc.,/wiki/Splunk
CNC,Centene Corporation,/wiki/Centene_Corporation
MCAA,Mountain & Co. I Acquisition Corp.,
MTEM,"Molecular Templates, Inc.",
AEP,American Electric Power Company,/wiki/American_Electric_Power
TCX,Tucows Inc.,/wiki/Tucows
ULTA,"Ulta Beauty, Inc.",/wiki/Ulta_Beauty
HTOO,Fusion Fuel Green PLC,
PIPR,Piper Sandler Companies,/wiki/Piper_Sandler
HRB,H&R Block Inc.,/wiki/H%26R_Block
AYX,"Alteryx, Inc.",
FSLY,"Fastly, Inc.",
ZUO,"Zuora, Inc.",/wiki/Zuora
ASAN,"Asana, Inc.",
DOX,Amdocs Limited,/wiki/Amdocs
APGB,Apollo Strategic Growth Capital II,
KALU,Kaiser Aluminum Corporation,/wiki/Kaiser_Aluminum
LKQ,LKQ Corporation,/wiki/LKQ_Corporation
VVNT,"Vivint Smart Home, Inc.",
KOSS,Koss Corporation,/wiki/Koss_Corporation
SEDG,"SolarEdge Technologies, Inc.",/wiki/SolarEdge
FMAO,"Farmers & Merchants Bancorp, Inc.",
AVO,"Mission Produce, Inc.",
WIRE,Encore Wire Corporation,
MATX,"Matson, Inc.",
HCA,"HCA Holdings, Inc.",/wiki/Hospital_Corporation_of_America
EAT,"Brinker International, Inc.",
CFFI,C&F Financial Corporation,
TEAM,Atlassian Corporation,/wiki/Atlassian
ESLT,Elbit Systems Ltd.,/wiki/Elbit_Systems
WOOF,"Petco Health and Wellness Company, Inc.",/wiki/Petco
HII,"Huntington Ingalls Industries, Inc.",/wiki/Huntington_Ingalls_Industries
QRVO,"Qorvo, Inc.",/wiki/Qorvo
ARMK,Aramark,/wiki/Aramark
CHCI,"Comstock Holding Companies, Inc.",
SEE,Sealed Air Corporation,/wiki/Sealed_Air
MTVC,Motive Capital Corp II,
EW,Edwards Lifesciences Corp,/wiki/Edwards_Lifesciences
XPO,"XPO, Inc.","/wiki/XPO,_Inc."
IP,International Paper Co.,/wiki/International_Paper
PRGO,Perrigo Company PLC,/wiki/Perrigo
QUBT,"Quantum Computing, Inc.",
RMBS,Rambus Inc.,/wiki/Rambus
WMT,Walmart Inc.,/wiki/Walmart
LPX,Louisiana-Pacific,/wiki/Louisiana-Pacific
NKLA,Nikola Corporation,/wiki/Nikola_Corporation
ORGN,"Origin Materials, Inc.",
IMKTA,"Ingles Markets, Incorporated",/wiki/Ingles
JOE,St Joe Co.,/wiki/St._Joe_Company
THC,Tenet Healthcare Corporation,/wiki/Tenet_Healthcare
WDC,Western Digital Corporation,/wiki/Western_Digital
XRAY,DENTSPLY SIRONA Inc.,/wiki/Dentsply_Sirona
DAY,Dayforce Inc,
CAE,CAE Inc.,/wiki/CAE_Inc.
LPSN,"LivePerson, Inc.",
AAP,"Advance Auto Parts, Inc.",/wiki/Advance_Auto_Parts
FNF,Fidelity National Financial Inc.,/wiki/Fidelity_National_Financial
PVH,PVH Corp.,/wiki/PVH_(company)
PLNT,"Planet Fitness, Inc.",
PAYO,Payoneer Global Inc.,/wiki/Payoneer
FOXF,Fox Factory Holding Corp.,
AMBP,Ardagh Metal Packaging S.A.,
WAFD,"Washington Federal, Inc.",/wiki/Washington_Federal
THG,The Hanover Insurance Group,/wiki/Hanover_Insurance
ACOR,"Acorda Therapeutics, Inc.",/wiki/Acorda_Therapeutics
ASST,Asset Entities Inc.,
ATO,Atmos Energy Corporation,/wiki/Atmos_Energy
NXST,"Nexstar Media Group, Inc.",/wiki/Nexstar_Media_Group
AMPI,"Advanced Merger Partners, Inc",
ITW,Illinois Tool Works Inc.,/wiki/Illinois_Tool_Works
MANT,ManTech International Corporation,
DYAI,"Dyadic International, Inc.",
LHX,"L3Harris Technologies, Inc.",
SU,Suncor Energy Inc.,/wiki/Suncor_Energy
SNV,Synovus Financial Corp.,/wiki/Synovus
ONB,Old National Bancorp,
PINC,"Premier, Inc.",
FTCH,"Farfetch, Ltd.",/wiki/Farfetch
VMEO,"Vimeo, Inc.",/wiki/Vimeo
CEIX,CONSOL Energy Inc.,
DUK,Duke Energy,/wiki/Duke_Energy
CABO,"Cable One, Inc.",
BST,BlackRock Science and Technology Trust,
LILM,Lilium N.V.,
CW,Curtiss-Wright,/wiki/Curtiss-Wright
KMT,Kennametal,/wiki/Kennametal
PYPL,"PayPal Holdings, Inc.",/wiki/PayPal
QSR,Restaurant Brands International,/wiki/Restaurant_Brands_International
TXRH,"Texas Roadhouse, Inc.",/wiki/Texas_Roadhouse
MRNA,"Moderna, Inc.",/wiki/Moderna
AZPN,"Aspen Technology, Inc.",/wiki/Aspen_Technology
ARW,Arrow Electronics Inc,/wiki/Arrow_Electronics
LBTYB,Liberty Global plc,/wiki/Liberty_Global
CNM,"Core & Main, Inc.",
VSTO,Vista Outdoor Inc.,/wiki/Vista_Outdoor
SNPO,Snap One Holdings Corp.,
SFNC,Simmons First National Corporation,
PET,Wag! Group Co.,
ACLS,"Axcelis Technologies, Inc.",/wiki/Axcelis_Technologies
R,Ryder,/wiki/Ryder
MERC,Mercer International Inc.,
CNSL,"Consolidated Communications Holdings, Inc.",/wiki/Consolidated_Communications
DT,"Dynatrace, Inc.",
LECO,"Lincoln Electric Holdings, Inc.",/wiki/Lincoln_Electric
GNW,"Genworth Financial, Inc.",/wiki/Genworth_Financial
THO,"Thor Industries, Inc.",/wiki/Thor_Industries
PII,Polaris Industries Inc.,/wiki/Polaris_Industries
QMCO,Quantum Corporation,/wiki/Quantum_Corporation
BLUE,"bluebird bio, Inc.",/wiki/Bluebird_bio
PJT,PJT Partners Inc.,
ETN,Eaton Corporation plc,/wiki/Eaton_Corporation
RCI,Rogers Communications,/wiki/Rogers_Communications
RAMP,"LiveRamp Holdings, Inc.",
WSBF,"Waterstone Financial, Inc.",
KDP,Keurig Dr Pepper Inc.,/wiki/Keurig_Dr_Pepper
HIMS,"Hims & Hers Health, Inc.",
AIT,"Applied Industrial Technologies, Inc.",/wiki/Applied_Industrial_Technologies
PARAA,Paramount Global,/wiki/Paramount_Global
QRTEB,"Qurate Retail, Inc.",
ZD,"Ziff Davis, Inc.",/wiki/Ziff_Davis
MMS,"Maximus, Inc.",
CLS,Celestica,/wiki/Celestica
PUBM,"PubMatic, Inc.",/wiki/Pubmatic
CTVA,"Corteva, Inc.",
ENTG,"Entegris, Inc.",/wiki/Entegris
RACE,Ferrari N.V.,
MPWR,"Monolithic Power Systems, Inc.",/wiki/Monolithic_Power_Systems
FORG,"ForgeRock, Inc.",
SAIA,"Saia, Inc.",/wiki/Saia
OKTA,"Okta, Inc.","/wiki/Okta,_Inc."
CSGS,"CSG Systems International, Inc.",
ERIE,Erie Indemnity Company,
HURN,Huron Consulting Group Inc.,
SYF,Synchrony Financial,
BHF,"Brighthouse Financial, Inc.",/wiki/Brighthouse_Financial
OLN,Olin Corporation,/wiki/Olin_Corporation
GTN,"Gray Television, Inc.",/wiki/Gray_Television
AMPL,"Amplitude, Inc.",
APP,AppLovin Corporation,/wiki/AppLovin
CVLT,"Commvault Systems, Inc.",/wiki/Commvault
TIGO,Millicom International Cellular S.A.,
MGA,Magna International Inc.,
LEG,Leggett & Platt,/wiki/Leggett_%26_Platt
ROVR,"Rover Group, Inc.",
WISH,ContextLogic Inc.,
EOG,"EOG Resources, Inc.",/wiki/EOG_Resources
GOLF,Acushnet Holdings Corp.,/wiki/Acushnet_Company
DOV,Dover Corporation,/wiki/Dover_Corporation
CYBR,CyberArk Software Ltd.,/wiki/CyberArk
NGS,"Natural Gas Services Group, Inc.",
AIRT,"Air T, Inc.",
GHM,Graham Corporation,
TROW,"T. Rowe Price Group, Inc.",/wiki/T._Rowe_Price
ZM,"Zoom Video Communications, Inc.",/wiki/Zoom_Video_Communications
WSM,"Williams-Sonoma, Inc.","/wiki/Williams-Sonoma,_Inc."
EQH,"Equitable Holdings, Inc.",
ICE,"Intercontinental Exchange, Inc.",/wiki/Intercontinental_Exchange
BHC,Bausch Health Companies Inc.,
UPLD,"Upland Software, Inc.",
NCLH,Norwegian Cruise Line Holdings Ltd.,
NDSN,Nordson Corporation,/wiki/Nordson_Corporation
SCS,Steelcase Inc.,/wiki/Steelcase
IQV,IQVIA Holdings Inc.,
CTHR,"Charles & Colvard, Ltd.",/wiki/Charles_%26_Colvard
COHR,"Coherent, Inc.",
CCK,Crown Holdings,/wiki/Crown_Holdings
FLO,"Flowers Foods, Inc.",/wiki/Flowers_Foods
BIGC,"BigCommerce Holdings, Inc.",/wiki/BigCommerce
UGI,UGI Corporation,/wiki/UGI_Corporation
ABBV,AbbVie Inc.,/wiki/AbbVie
BNS,The Bank of Nova Scotia,
OTEX,Open Text Corporation,
NVAX,"Novavax, Inc.",/wiki/Novavax
OBDC,Blue Owl Capital Corporation,
SWCH,"Switch, Inc.",
ODFL,"Old Dominion Freight Line, Inc.",/wiki/Old_Dominion_Freight_Line
PRI,"Primerica, Inc.",/wiki/Primerica
SALM,"Salem Media Group, Inc.",/wiki/Salem_Media_Group
DRS,"Leonardo DRS, Inc.",
TLRY,"Tilray Brands, Inc.",/wiki/Tilray
IDXX,"IDEXX Laboratories, Inc.",/wiki/Idexx_Laboratories
COKE,"Coca-Cola Consolidated, Inc.",/wiki/Coca-Cola_Consolidated
CNQ,Canadian Natural Resources,/wiki/Canadian_Natural_Resources
RBA,Ritchie Bros. Auctioneers,/wiki/Ritchie_Bros._Auctioneers
TURB,"Turbo Energy, S.A. American Depositary Shares",
Z,"Zillow Group, Inc.",/wiki/Zillow
OC,Owens Corning,/wiki/Owens_Corning
UONEK,"Urban One, Inc.",/wiki/Urban_One
LUMN,"Lumen Technologies, Inc.",
SSTK,"Shutterstock, Inc.",/wiki/Shutterstock
OGN,Organon & Co.,
SYNH,"Syneos Health, Inc.",
FOUR,"Shift4 Payments, Inc.",
MDB,"MongoDB, Inc.",
BGFV,Big 5 Sporting Goods Corporation,/wiki/Big_5_Sporting_Goods
EGIO,"Edgio, Inc.",/wiki/Edgio
TMO,Thermo Fisher Scientific Inc.,/wiki/Thermo_Fisher_Scientific
IDT,IDT Corporation,/wiki/IDT_Corporation
KOP,Koppers,/wiki/Koppers
ALV,Autoliv Inc.,/wiki/Autoliv
RUM,Rumble Inc.,
BB,BlackBerry Limited,
AFG,American Financial Group Inc.,/wiki/American_Financial_Group
HUBB,Hubbell Incorporated,
LAZ,Lazard,/wiki/Lazard
MIRA,"MIRA Pharmaceuticals, Inc.",
CPRI,Capri Holdings Limited,
RNG,RingCentral,/wiki/RingCentral
NDAQ,"Nasdaq, Inc.","/wiki/Nasdaq,_Inc."
HSIC,"Henry Schein, Inc.",/wiki/Henry_Schein
ON,ON Semiconductor Corporation,
DDS,Dillard's,/wiki/Dillard%27s
CC,The Chemours Company,
PNFP,"Pinnacle Financial Partners, Inc.",/wiki/Pinnacle_Financial_Partners
ROIV,Roivant Sciences Ltd.,/wiki/Roivant_Sciences
KMB,Kimberly-Clark,/wiki/Kimberly-Clark
COR,Cencora,
ASPC,Alpha Capital Acquisition Company,
TDC,Teradata Corporation,/wiki/Teradata
HUBG,"Hub Group, Inc.",/wiki/Hub_Group
WEBR,Weber Inc.,
FOX,Fox Corporation,/wiki/Fox_Corporation
JBT,John Bean Technologies Corporation,/wiki/JBT_Corporation
GMED,"Globus Medical, Inc.",
GPK,Graphic Packaging Holding Company,/wiki/Graphic_Packaging
WAT,Waters Corporation,/wiki/Waters_Corporation
BIRK,Birkenstock Holding plc,
GOOS,Canada Goose Holdings Inc.,/wiki/Canada_Goose_(clothing)
LULU,Lululemon Athletica Inc.,/wiki/Lululemon_Athletica
MAT,"Mattel, Inc.",/wiki/Mattel
AJG,Arthur J.Gallagher & Co.,/wiki/Arthur_J._Gallagher_%26_Co.
IVCA,Investcorp India Acquisition Corp,
UIS,Unisys Corporation,/wiki/Unisys
PLTK,Playtika Holding Corp.,/wiki/Playtika
ZIM,ZIM Integrated Shipping Services Ltd.,/wiki/ZIM_(shipping_company)
WW,"WW International, Inc.",/wiki/WW_International
FANG,"Diamondback Energy, Inc.",/wiki/Diamondback_Energy
WEX,WEX Inc.,/wiki/WEX_Inc.
F,Ford Motor Company,/wiki/Ford_Motor_Company
RGA,Reinsurance Group of America,/wiki/Reinsurance_Group_of_America
PLD,"Prologis, Inc.",/wiki/Prologis
UHS,"Universal Health Services, Inc.",/wiki/Universal_Health_Services
HOLX,"Hologic, Inc.",/wiki/Hologic
ETD,Ethan Allen Interiors Inc.,
EVER,Everbank Financial Corp.,/wiki/EverBank
AOSL,Alpha and Omega Semiconductor Limited,
PRAA,"PRA Group, Inc.",
ACM,AECOM Technology Corporation,/wiki/AECOM
SO,Southern Company,/wiki/Southern_Company
ABNB,"Airbnb, Inc.",/wiki/Airbnb
PRU,"Prudential Financial, Inc.",
DOCS,"Doximity, Inc.",
AMRX,"Amneal Pharmaceuticals, Inc.",
AIG,American International Group Inc,/wiki/American_International_Group
TPR,"Tapestry, Inc.","/wiki/Tapestry,_Inc."
AEO,"American Eagle Outfitters, Inc.",/wiki/American_Eagle_Outfitters
WMK,"Weis Markets, Inc.",/wiki/Weis_Markets
MPC,Marathon Petroleum Corporation,
NBTB,NBT Bancorp Inc.,
GWRE,"Guidewire Software, Inc.",/wiki/Guidewire_Software
CMLS,Cumulus Media Inc.,/wiki/Cumulus_Media
GDDY,GoDaddy Inc.,
XPDB,Power & Digital Infrastructure Acquisition II Corp.,
AMKR,"Amkor Technology, Inc.",/wiki/Amkor_Technology
SDC,"SmileDirectClub, Inc.",
PTC,PTC Inc.,
CBRG,Chain Bridge I,
MSTR,MicroStrategy Incorporated,/wiki/MicroStrategy
BWXT,"BWX Technologies, Inc.",
ELV,Elevance Health Inc.,
OII,Oceaneering International Inc.,/wiki/Oceaneering_International
SMTC,Semtech Corporation,/wiki/Semtech
ALRM,"Alarm.com Holdings, Inc.",/wiki/Alarm.com
STWD,"Starwood Property Trust, Inc.",
UTHR,United Therapeutics Corporation,/wiki/United_Therapeutics
ADC,Agree Realty Corporation,
MTZ,"MasTec, Inc.",
CP,Canadian Pacific Railway,/wiki/Canadian_Pacific_Railway
TSRI,"TSR, Inc.",
MRDB,MariaDB plc,
FUL,H.B. Fuller Company,/wiki/H.B._Fuller
BLKB,"Blackbaud, Inc.",/wiki/Blackbaud
BCE,BCE Inc.,
SPR,"Spirit AeroSystems Holdings, Inc.",/wiki/Spirit_AeroSystems
PZZA,"Papa John's International, Inc.",/wiki/Papa_John%27s
BYON,"Beyond, Inc.",
GATO,"Gatos Silver, Inc.",
FLEX,Flex Ltd.,
DAVE,Dave Inc.,
MTCH,"Match Group, Inc.",/wiki/Match_Group
LANV,Lanvin Group Holdings Limited,
CCEP,Coca-Cola Europacific Partners PLC,/wiki/Coca-Cola_Europacific_Partners
DIS,The Walt Disney Company,/wiki/The_Walt_Disney_Company
DBD,Diebold,/wiki/Diebold
GPRO,"GoPro, Inc.",/wiki/GoPro
GRPN,"Groupon, Inc.",/wiki/Groupon
NTIC,Northern Technologies International Corporation,
MOH,"Molina Healthcare, Inc.",
ARI,"Apollo Commercial Real Estate Finance, Inc.",/wiki/Apollo_Global_Management
DOCU,"DocuSign, Inc.",/wiki/DocuSign
FRPT,"Freshpet, Inc.",/wiki/Freshpet
DXC,DXC Technology Company,
YTRA,"Yatra Online, Inc.",
SSTI,"ShotSpotter, Inc.",/wiki/ShotSpotter
UA,"Under Armour, Inc.",/wiki/Under_Armour
BURL,"Burlington Stores, Inc.",
RBLX,Roblox Corporation,/wiki/Roblox_Corporation
TPG,TPG Inc.,/wiki/TPG_Inc.
CTLT,"Catalent, Inc.",
IPGP,IPG Photonics Corporation,/wiki/IPG_Photonics
YELP,Yelp Inc.,/wiki/Yelp
DCI,Donaldson Company,/wiki/Donaldson_Company
RDFN,Redfin Corporation,/wiki/Redfin
SQ,"Block, Inc.",
GO,Grocery Outlet Holding Corp.,/wiki/Grocery_Outlet
LYTS,LSI Industries Inc.,
PCOR,"Procore Technologies, Inc.",
ITT,ITT Corporation,/wiki/ITT_Corporation
INTZ,Intrusion Inc.,
DLTH,Duluth Holdings Inc.,
UPWK,Upwork Inc.,/wiki/Upwork
RELI,"Reliance Global Group, Inc.",
GEF,"Greif, Inc.",
PXD,Pioneer Natural Resources Company,/wiki/Pioneer_Natural_Resources
ACCO,ACCO Brands Corporation,/wiki/ACCO_Brands
OCEA,"Ocean Biomedical, Inc.",
IGT,International Game Technology,/wiki/International_Game_Technology
SONO,"Sonos, Inc.",/wiki/Sonos
ENS,EnerSys,/wiki/EnerSys
WK,Workiva Inc.,/wiki/Workiva
TXN,Texas Instruments Incorporated,/wiki/Texas_Instruments
KHC,The Kraft Heinz Company,/wiki/Kraft_Heinz
LVS,Las Vegas Sands,/wiki/Las_Vegas_Sands
ACI,"Albertsons Companies, Inc.",
SGHT,"Sight Sciences, Inc.",
RRC,Range Resources,/wiki/Range_Resources
VFC,V.F. Corporation,/wiki/VF_Corporation
UHAL,U-Haul Holding Company,/wiki/U-Haul
KVYO,"Klaviyo, Inc.",
FNKO,"Funko, Inc.",/wiki/Funko
BIO,"Bio-Rad Laboratories, Inc.",
CLH,Clean Harbors,/wiki/Clean_Harbors
PFIN,"P&F Industries, Inc.",
FYBR,"Frontier Communications Parent, Inc.",/wiki/Frontier_Communications
CNA,CNA Financial,/wiki/CNA_Financial
FI,Frank's International N.V.,
TFC,Truist Financial Corporation,/wiki/Truist_Financial
TOL,Toll Brothers Inc.,/wiki/Toll_Brothers
ASTL,Algoma Steel Group Inc.,/wiki/Algoma_Steel
TWLO,Twilio Inc.,/wiki/Twilio
GT,The Goodyear Tire & Rubber Company,
FCEL,"FuelCell Energy, Inc.",/wiki/FuelCell_Energy
MSGM,Motorsport Games Inc.,/wiki/Motorsport_Games
SIRI,Sirius XM Holdings Inc.,/wiki/Sirius_XM
LAD,Lithia Motors,/wiki/Lithia_Motors
BRBR,"BellRing Brands, Inc.",
PM,Philip Morris International Inc.,/wiki/Philip_Morris_International
SLE,"Super League Enterprise, Inc.",
ACB,Aurora Cannabis Inc.,
WCC,"WESCO International, Inc.",/wiki/WESCO_International
SRAD,Sportradar Group AG,/wiki/Sportradar
LSTR,"Landstar System, Inc.",/wiki/Landstar_System
LBTYK,Liberty Global plc,/wiki/Liberty_Global
HQY,"HealthEquity, Inc.",
REV,Revlon,/wiki/Revlon
OSCR,"Oscar Health, Inc.",
FIX,Comfort Systems USA,/wiki/Comfort_Systems_USA
TREX,"Trex Company, Inc.","/wiki/Trex_Company,_Inc."
LYV,Live Nation Entertainment,/wiki/Live_Nation_Entertainment
DB,Deutsche Bank,/wiki/Deutsche_Bank
PAYC,"Paycom Software, Inc.",/wiki/Paycom
OPY,Oppenheimer Holdings Inc.,/wiki/Oppenheimer_Holdings
SEAT,Vivid Seats Inc.,/wiki/Vivid_Seats
VEEV,Veeva Systems Inc.,/wiki/Veeva_Systems
CIXX,CI Financial Corp.,
BECN,"Beacon Roofing Supply, Inc.",
FDS,FactSet Research Systems Inc.,/wiki/FactSet
APRN,"Blue Apron Holdings, Inc.",
BLBX,Blackboxstocks Inc.,
NOMD,Nomad Foods Limited,
CBRE,"CBRE Group, Inc.",
LEA,Lear Corporation,/wiki/Lear_Corporation
DASH,"DoorDash, Inc.",/wiki/DoorDash
CMG,Chipotle Mexican Grill,/wiki/Chipotle_Mexican_Grill
IDEX,"Ideanomics, Inc.",/wiki/Ideanomics
ASGI,Abrdn Global Infrastructure Income Fund,
PCTY,Paylocity Holding Corporation,/wiki/Paylocity
SOFI,"SoFi Technologies, Inc.",/wiki/SoFi
YUMC,"Yum China Holdings, Inc.",/wiki/Yum_China
AVT,Avnet Inc,/wiki/Avnet
HGV,Hilton Grand Vacations Inc.,
ACIW,"ACI Worldwide, Inc.",/wiki/ACI_Worldwide
TDG,TransDigm Group Incorporated,/wiki/TransDigm_Group
HPE,Hewlett Packard Enterprise Company,
JNPR,Juniper Networks,/wiki/Juniper_Networks
TEL,TE Connectivity Ltd.,/wiki/TE_Connectivity
IR,Ingersoll-Rand plc,/wiki/Ingersoll_Rand
LOPE,"Grand Canyon Education, Inc.",/wiki/Grand_Canyon_Education
HTGC,"Hercules Technology Growth Capital, Inc.",
RPM,RPM International,/wiki/RPM_International
CDNS,"Cadence Design Systems, Inc.",/wiki/Cadence_Design_Systems
SNAP,Snap Inc.,
ZBRA,Zebra Technologies Corporation,/wiki/Zebra_Technologies
AVGO,Broadcom Inc.,/wiki/Broadcom
NMRK,"Newmark Group, Inc.",/wiki/Newmark_Group
HUBS,"HubSpot, Inc.",
GTES,Gates Industrial Corporation plc,
JAZZ,Jazz Pharmaceuticals plc,/wiki/Jazz_Pharmaceuticals
IBKR,"Interactive Brokers Group, Inc.",/wiki/Interactive_Brokers
LTH,"Life Time Group Holdings, Inc.",
CRSR,"Corsair Gaming, Inc.",/wiki/Corsair_Gaming
HNNA,"Hennessy Advisors, Inc.",
ALGT,Allegiant Travel Company,/wiki/Allegiant_Travel_Company
SNCY,"Sun Country Airlines Holdings, Inc.",/wiki/Sun_Country_Airlines
USFD,US Foods Holding Corp.,/wiki/US_Foods
GGPI,"Gores Guggenheim, Inc.",
CL,Colgate-Palmolive,/wiki/Colgate-Palmolive
HLI,"Houlihan Lokey, Inc.",
VYX,NCR Voyix Corporation,
BGS,"B&G Foods, Inc.",
LNG,"Cheniere Energy, Inc.",
NET,"Cloudflare, Inc.",
GEO,"Geo Group, Inc.",/wiki/GEO_Group
ZTS,Zoetis Inc.,/wiki/Zoetis
FIZZ,National Beverage Corp.,/wiki/National_Beverage
WCN,"Waste Connections, Inc.",
BANC,"Banc of California, Inc.",/wiki/Banc_of_California
UDMY,"Udemy, Inc.",/wiki/Udemy
GPI,Group 1 Automotive Inc.,/wiki/Group_1_Automotive
TAST,"Carrols Restaurant Group, Inc.",/wiki/Carrols_Restaurant_Group
CBSH,"Commerce Bancshares, Inc.",/wiki/Commerce_Bancshares
BG,Bunge Limited,
BRKR,Bruker Corporation,/wiki/Bruker
GE,General Electric Company,/wiki/General_Electric
VMW,"VMware, Inc.",/wiki/VMware
SWK,"Stanley Black & Decker, Inc.",/wiki/Stanley_Black_%26_Decker
SWBI,"Smith & Wesson Brands, Inc.",/wiki/Smith_%26_Wesson
WWW,"Wolverine World Wide, Inc.",/wiki/Wolverine_World_Wide
NSTG,"NanoString Technologies, Inc.",
FAT,FAT Brands Inc.,/wiki/FAT_Brands
NYT,The New York Times Company,
GLOB,Globant S.A.,
PSTH,"Pershing Square Tontine Holdings, Ltd.",
VVV,Valvoline Inc.,/wiki/Valvoline
NNI,"Nelnet, Inc.",
DNUT,"Krispy Kreme, Inc.",/wiki/Krispy_Kreme
CSSE,"Chicken Soup for the Soul Entertainment, Inc.",/wiki/Chicken_Soup_for_the_Soul
HBAN,Huntington Bancshares Incorporated,/wiki/Huntington_Bancshares
SKX,"SKECHERS USA, Inc.",/wiki/Skechers
FL,"Foot Locker, Inc.",/wiki/Foot_Locker
WRK,WestRock Company,/wiki/WestRock
CNVS,Cineverse Corp,/wiki/Cineverse
MOG,Moog Inc,
